ARTICLE,QUALITE
Mercedes 210fatome 3winat,1
Mercedes 203,1
Mercedes 250 E,1
Mercedes 240,2
Mercedes 250 ksira,1
Mercedes 250 twila,1
Mercedes Sprinter Ksira ,1
Mercedes 211/320 A/R,1
Mercedes Viano ANC,1
Mercedes 207 Anc,1
"Mercedes 2,5 Noramle",1
"Mercedes 2,5 Huile",1
"Mercedes 2,5 Turbo",1
Mercedes Classe C Normale220,2
Mercedes Classe C Turbo 220,1
Mercedes 204 S/R,2
Mercedes 204 A/R Femelle,1
Mercedes 211 Turbo,1
Mercedes 3winat,1
Mercedes 203,1
Mercedes 211 Normale,1
Mercedes 203 S/Huile,1
Mercedes Sprinter Faracha,2
Clim M 204,1
M 207 NV 2 Rangé,1
 Mercedes  190 Normale          ,1
Ford Mondéo Plat,1
Ford Fiésta Anc/Ess Ronde,1
Ford Fiésta NV/Dié Plat,1
Ford Mondéo ,1
Ford Vision,1
Ford Kuga,1
Ford Focus 3,1
Ford Kuga ANC,1
Ford Focus 1 Plat,1
Ford Focus  Anc Plat,1
Nissan X-Trail Plat,1
Nissan Qashqai  Plat,2
Nissan D 22 Anc ,2
Nissan Picup D22,1
Ferguson ,2
Bm 324 ANC,1
R18,1
R19 ESS CLIO/1,1
R19 DIES,1
Reunault Extra,1
R4 Ronde,1
R4 Plat,2
R 9,1
Chevrolet Ayece,1
Cherry QQ,1
Iveco deurite gauche,1
Laguna 1,1
Mégane 1,1
Mégane 2 Ronde,1
Dacia Duster Ronde,2
Dokker,1
Dacia ESS,1
Clim Dokker,3
Clim Dacia 2010,1
Clim Duster,1
Dacia a/Clim,2
Dacia S/Clim,1
Intercolaire Docker,1
 Dacia NV /Clio 5,1
Clio 3,1
Clio 1,1
Clio 2,2
P307,2
P301,1
P 406 /C4/C5,2
P C4,1
p 301 Intercooler,1
P 306 A/ Bouteille,1
Clim P 301,1
p 207 PLAT,1
P 207 Ronde,1
Clim P Bipper,1
P 301 Tepee,2
P Rifter,1
P 405,1
Clim P 208,2
p 208 NV,1
p 309,1
Clim Kia Picanto,2
Kia Sorento S/B Plat,1
Kia Cerato A/R,1
Kia Picanto ANC,1
kia Cerato S/B,1
Kia Carens Wa9fa,1
Kia Picanto ANC,2
Kia picanto 2010,1
Fiat Fiorino Ronde,1
Fiat Punto ESS Ronde,1
Fiat 500 ESS Plat,1
Fiat Doblo Taxi Plat,1
Fiat Linea,1
Fiat Palio Plat,1
Fiat Doblo Voiture Ronde,1
Fiat Uno Ess  Ronde,1
Fiat Doblo ESS Ronde,1
Fiat Palio Ess Ronde,1
Fiat Uno Ronde,1
Citroén Némo,1
Clim Némo DIPR,1
Express,2
Citroén Saxo,1
Citroén Jumper NV Ronde,1
Citroén Jumper Anc Ronde,1
C15,2
suzuki Superkar,1
Suzuki Celerio,1
Suzuki Swift,1
Honda CRV 2000,1
Honda Civic ANC,1
Honda Jaaz twila,1
Honda CRV,1
Toyota Hilux ANC,3
Toyota Corolla 2004/2006,2
Toyota Rav 4 ESS ANC ,1
Toyota Rav 4  Na3sa,1
Toyota RAV 4 Dies S/B 2003,1
Clim Toyota Corolla,1
Toyota Hiace ,1
Toyota Prado S/B,1
Mitshi 2800,1
Mitshi Canter A/B,1
Mitshi Canter Lames,
Mitshi 2500,1
Mitshi Pajero,1
Mitshi L200 NV,1
Hyundai Tucson 4*4,1
Hyundai Santa FE 2006,1
Hyundai Accent ess,1
Hyundai H100 NV,1
Hyundai Santa FE NV,1
Hyundai Tucson A/Huile,1
Tiguan,1
Touareg ANC VW,1
Audi A4,1
Kangoo évolution Mon bra,1
Kangoo DCI,2
Kangoo DCI  Mon bra,1
kangoo D65,
Clim Kangoo DCI,1
Kangoo Berlingo,1
I10,2
Clim I10,2
PartnerNV 2006,1
Clim Partner,2
Polo ANC A/R VW,1
polo ANC Ronde VW,1
Cady ESS VW,1
Passat ANC deurite chaq coté,1
Renault Master ANC,1
Isuzi D MAX,1
Golf 2 Ronde,1
Golf 2 Plat,1
Golf 5 Clim,2
Golf 5 Pip pt,1
Golf 5 pip GT,1
Golf 4 Polo,2
Golf 4 Intércolaire,1
Clim Golf 7,1
Golf 7 plat,1
Golf 1 Ronde,3
Golf 3 Ronde,1
Gol Ronde,2
Gol Plat,2
Canter Anc,1
Canter HD,1
Fergusson,2
Skoda/C5 Ess/Tourane/Cady Ess,1